path,filename,title,description,type,author,newsletter_number,estimated_date,legacy_url,slug
"144,000.htm","144,000.htm","The Day of the Eagle by Bill Burns - 144,000 - Jesus","144,000 prophecy in Revelation. This article helps describe the purpose of the 144,000 people in the book of Revelation",article,Bill Burns,,2004-09-01,"/144,000.htm",144000
AlabamablessIsrael.htm,AlabamablessIsrael.htm,Alabama Blesses Israel - Christ our Passover - Jesus,"a meeting to bless Israel. A report on the Alabama Government resolutions to 
support Israel and the Christ Our Passover celebration here in Huntsville Alabama",article,Paul Jablonowski,,2002-04-23,/AlabamablessIsrael.htm,alabamablessisrael
Finances.htm,Finances.htm,Kingdom Finances & How to handle Money,Money and Finances in the Everlasting Kingdom of Yeshua Jesus,index,Paul Jablonowski,,,/Finances.htm,finances
JesusSecondComing.htm,JesusSecondComing.htm,Roland Pletts book The Shekinah Glory of Christ at His Coming,Roland Pletts on the Kingdom of God in Christ Jesus and His return.,article,Roland Pletts,,,/JesusSecondComing.htm,jesussecondcoming
JudgeRoyMoore10commandments.htm,JudgeRoyMoore10commandments.htm,"10 commandments monument, Judge Roy Moore, Judeo-Christian","Prayer and prophetic implications surrounding the Judge Roy Moore stand
for righteousness in our court systems. Judeo-Christian faith. Ten Commandments monumnet stand by Judge Roy Moore. 
The 10 commandents momument in Montomery Alabama removed.",article,Paul Jablonowski,,2003-08-27,/JudgeRoyMoore10commandments.htm,judgeroymoore10commandments
MountOlivesEarthquake.htm,MountOlivesEarthquake.htm,The Return of Jesus and Earthquakes on Mt of Olives Israel - October 3 2005 - Feast of Trumpets,"The Return of Jesus Christ and Earthquakes. Eyewitness reports of the Mt of Olives earthquake on October 3, 2005",article,Paul Jablonowski,,2005-10-03,/MountOlivesEarthquake.htm,mountolivesearthquake
MyStoryPaulJab.htm,MyStoryPaulJab.htm,Paul Jablonowski Testimony of Jesus,Personal testimony of How God changed my life. My testimony of Grace,article,Paul Jablonowski,,,/MyStoryPaulJab.htm,mystorypauljab
NewDayPentecostRevolution.htm,NewDayPentecostRevolution.htm,"A New Day, Jesus, Pentecost revolution",Modern Day Pentecost Revolution,article,Paul Jablonowski,,2005,/NewDayPentecostRevolution.htm,newdaypentecostrevolution
Passover.htm,Passover.htm,Jesus Christ Our Passover Celebration in Huntsville Alabama,Christians celebrating Jesus in the Passover in Huntville Alabama at the Annual Christ our Passover,article,Paul Jablonowski,,2002-03-26,/Passover.htm,passover
Revelation12starSignBirth.htm,Revelation12starSignBirth.htm,Revelation 12 Sign in the heavens of Jesus Birthing His Apostles,"How the signs in the heavens, stars and Revelation chapter 12 are declaring that Jesus is coming again in His people",article,Paul Jablonowski,,2000,/Revelation12starSignBirth.htm,revelation12starsignbirth
RoyMoore.htm,RoyMoore.htm,Judge Roy Moore's speech in Decatur Alabama,Judge Roy Moore speech in Alabama Statewide gathering by Dutch Sheets and Chuck Pierce,article,Paul Jablonowski,,2003,/RoyMoore.htm,roymoore
September11Sign.htm,September11Sign.htm,The Wonder of September 11th by Paul Jablonowski,How September 11th is a sign for both good and evil. Book about modern day apostles and prophets,article,Paul Jablonowski,,2003,/September11Sign.htm,september11sign
TheCrossofChrist.htm,TheCrossofChrist.htm,The Passion Movie - An Apostolic Message by Paul Jablonowski,Apostolic Insight into the cross of Christ and the deception in The Passion movie,article,Paul Jablonowski,,2004-03-12,/TheCrossofChrist.htm,thecrossofchrist
ThirdTempleEzekielsMillennialTemple.htm,ThirdTempleEzekielsMillennialTemple.htm,Millennial Temple Model of Ezekiel 40-48 vision | Third 3rd temple | Israel Land Holy Portion Jewish Messiah Yahshua Jesus,"Ezekiel's vision of the Millennial Third Temple: Scale model pictures of the future Jewish temple which Ezekiel saw in detail over 2500 years ago! 
This scale model and study was done using the specific cubit dimensions given in the book of Ezekiel.",article,Paul Jablonowski,,,/ThirdTempleEzekielsMillennialTemple.htm,thirdtempleezekielsmillennialtemple
TimeCapsule.htm,TimeCapsule.htm,Sons to Glory book Conclusion A Time Capsule,"Brideship and Sonship - A modern day apostolic vision for Pentecost to happen today! 
Let it rain! Hosea 6:3, Jesus",article,Paul Jablonowski,,,/TimeCapsule.htm,timecapsule
aboutsonstoglory.htm,aboutsonstoglory.htm,About Sons To Glory | Purpose | Vision | Contact Us,"Purpose, mission and vision of Sons To Glory
Contact SonsToGlory information: email address and description of this Christ centered ministry",index,Paul Jablonowski,,,/aboutsonstoglory.htm,aboutsonstoglory
bonniegaunt.htm,bonniegaunt.htm,Bonnie Gaunt Book Request,How to order a Dawn of Earth's Great Millennium paperback book from Sons To Glory ministry,book-request,Bonnie Gaunt,,,/bonniegaunt.htm,bonniegaunt
book.htm,book.htm,Sons To Glory book by Paul Jablonowski - Table of Contents,"Sons to Glory Christian book on Spiritual Maturity, Sonship, fatherhood, and spiritual authority in the Kingdom of God.",book-chapter,Paul Jablonowski,,,/book.htm,book
brideofChrist.htm,brideofChrist.htm,"The Bride of Christ, The One New Man, Jesus, Ezekiel 37 two sticks, overcoming Python Leviathan",Does the bride of Christ exist today in the earth? YES!,article,Paul Jablonowski,,2004,/brideofChrist.htm,brideofchrist
callingHuntsvilleAlabama.htm,callingHuntsvilleAlabama.htm,The Calling of Huntsville Alabama Prayer History - Jesus,Spiritual mapping for the purpose and destiny of my city Huntsville Alabama,article,Paul Jablonowski,,2004,/callingHuntsvilleAlabama.htm,callinghuntsvillealabama
covenantofpeace.htm,covenantofpeace.htm,"Covenant of Peace, Jesus, Millennium, Kingdom Age, 1,000 year reign of Christ, Dispensations, Revelations 20",A scriptural study of Jesus' Covenant of Peace which defines the Millenial reign of Christ and the new age we find ourselves transitioning into.,book-chapter,Paul Jablonowski,,,/covenantofpeace.htm,covenantofpeace
endnotes.htm,endnotes.htm,Sons to Glory book Endnotes,Endnotes and ministry links regarding Jesus for Paul Jablonowski's Sons to Glory book,book-chapter,Paul Jablonowski,,2001-02-28,/endnotes.htm,endnotes
foreword.htm,foreword.htm,Sons to Glory book Foreword by Debbie Kublin,Foreword by Debbie Kublin for Paul Jablonowski's Sons to Glory book,book-chapter,Paul Jablonowski,,,/foreword.htm,foreword
friends.htm,friends.htm,Sons To Glory Friends,Friends of Sons to Glory,index,Paul Jablonowski,,,/friends.htm,friends
highwayofholinessIntercede.htm,highwayofholinessIntercede.htm,"Highway of Holiness Intercession, Psalming, Spiritual warfare, prayer, Jesus",A report about an ordained time of musical prayer and intercession for Africa and Israel,article,Paul Jablonowski,,2001,/highwayofholinessIntercede.htm,highwayofholinessintercede
index.htm,index.htm,Sons To Glory books | Everlasting Kingdom of Jesus,"Sons to Glory offers free books about the Everlasting
Kingdom of Yeshua! (Jesus), Spiritual Maturity, Sonship, Fatherhood & apostles of Jesus",index,Paul Jablonowski,,,/index.htm,index
israel.htm,israel.htm,Israel Now Samford University event,,article,Paul Jablonowski,,2002-04-23,/israel.htm,israel
jesusvisitation2012.htm,jesusvisitation2012.htm,Wade Taylor's final word on Jesus visitation in 2012,Prophecy about a Jesus visitation to start in 2012.  The manchild enters the temple on Passover 2012,article,Wade Taylor,,2012,/jesusvisitation2012.htm,jesusvisitation2012
kennymitchell.htm,kennymitchell.htm,Sons To Glory Book Request,How to order a paperback book from the Sons To Glory publishers,book-request,Paul Jablonowski,,,/kennymitchell.htm,kennymitchell
manchildBirth.htm,manchildBirth.htm,Birth of a Manchild poem by Paul Jablonowski,Poem BIRTH OF A MANCHILD written by Paul Jablonowski on the day his son Stephen was born,article,Paul Jablonowski,,,/manchildBirth.htm,manchildbirth
messages.htm,messages.htm,Sons To Glory Messages | Paul Jablonowski,"Sons to Glory Messages on the Kingdom of God, Spiritual Maturity, Sonship, and Intercession for Christ in the earth",index,Paul Jablonowski,,,/messages.htm,messages
mileswyliealbright.htm,mileswyliealbright.htm,Miles Albright Book Request,How to order a Tale of Two Hearts paperback book from Sons To Glory ministry,book-request,Miles Albright,,,/mileswyliealbright.htm,mileswyliealbright
millenniumgematria.htm,millenniumgematria.htm,Bonnie Gaunt Book - The Dawn of Earth's Great Millennium,Bonnie Gaunt's final book before she died entitled The Dawn of Earth's Great MILLENNIUM where Jesus Christ will rule and reign with His people on the earth.,article,Bonnie Gaunt,,,/millenniumgematria.htm,millenniumgematria
moderndayapostles.htm,moderndayapostles.htm,"Apostle, Apostolic, Modern Day Apostles of Jesus Christ",Modern Day Apostles teaching,book-chapter,Paul Jablonowski,,,/moderndayapostles.htm,moderndayapostles
newsletters.htm,newsletters.htm,Sons To Glory Newsletters | Paul Jablonowski,"Sons to Glory Newsletters on Spiritual Maturity, Sonship, Christian apostles, and the apostolic",index,Paul Jablonowski,,,/newsletters.htm,newsletters
pauljablonowski.htm,pauljablonowski.htm,Sons To Glory Book Request,How to order the Sons To Glory paperback book from Sons To Glory ministry,book-request,Paul Jablonowski,,,/pauljablonowski.htm,pauljablonowski
pray.htm,pray.htm,Day to Pray for the Peace of Jerusalem,Annual time to pray for the peace of Jerusalem - the first Sunday in October,index,Paul Jablonowski,,2005-10-02,/pray.htm,pray
rolandpletss.htm,rolandpletss.htm,Roland Pletts Book Request,How to order a Shekinah Glory of Christ at His Coming paperback book from Sons To Glory ministry,book-request,Roland Pletts,,,/rolandpletss.htm,rolandpletss
signs.htm,signs.htm,Revelation 12 Signs in the heavens by Greg Killian,Details about the Revelation 12 signs in the heavens from 1996-2000,index,Paul Jablonowski,,1999-08-11,/signs.htm,signs
sonshipofwomen.htm,sonshipofwomen.htm,"Sonship of Women by Cindye Coates, covenant, inheritance,",Cindye Coates on the spiritual maturity of women as Jesus' sons. The Sonship of women in the Kingdom of God,book-chapter,Paul Jablonowski,,,/sonshipofwomen.htm,sonshipofwomen
spiritualadoption.htm,spiritualadoption.htm,The Adoption of Sons - Spiritual Maturity manchild sonship,David Weber on our inheritence through Jesus Christ as sons.  Christian sonship in Romans 8:19 or adoption.,book-chapter,DAvid Weber,,,/spiritualadoption.htm,spiritualadoption
spiritualauthority.htm,spiritualauthority.htm,Spiritual Authority of Jesus apostles,"Spiritual Authority of Christ manifested through His modern day apostles, Love of Christ, Jesus, 
Apostles and apostolic authority vs worldy authority. Christian leadership, not hierarchy, but servant leadership",book-chapter,Paul Jablonowski,,,/spiritualauthority.htm,spiritualauthority
spiritualfathersons.htm,spiritualfathersons.htm,"Spiritual Fathers and Sons, apostolic leadership, spiritual adoption","Spiritual fathering, sonship and fatherhood leadership in the Kingdom of God",book-chapter,Paul Jablonowski,,,/spiritualfathersons.htm,spiritualfathersons
spiritualmapHuntsvilleAlabama.htm,spiritualmapHuntsvilleAlabama.htm,Spiritual Mapping for Huntsville Alabama city map,Huntsville Alabama Spiritual map. Spiritual mapping for my city Huntsville Alabama,article,Paul Jablonowski,,,/spiritualmapHuntsvilleAlabama.htm,spiritualmaphuntsvillealabama
starJesusbirth.htm,starJesusbirth.htm,"Star of Wonder, Guideposts Magazine, Dr. Ernest L. Martin",The Bethlehem Star that astonished the world. Looking at the astronomy during the time of the birth of Jesus,article,Paul Jablonowski,,1988-12,/starJesusbirth.htm,starjesusbirth
temple.htm,temple.htm,,,index,Paul Jablonowski,,,/temple.htm,temple
thecallKansasCityintercession.htm,thecallKansasCityintercession.htm,The Call in Kansas City Prophetic Intercerssion for Revival in America,America Intercession - A report on a prophetic gathering of youth to fast and pray for America,article,Paul Jablonowski,,2002,/thecallKansasCityintercession.htm,thecallkansascityintercession
thecallnashville07-07-07.htm,thecallnashville07-07-07.htm,The Call in Nashville Tennessee on 07/07/07 Fasting and Prayer,A report on THE CALL in Nasvhille Tennessee on 7/7/07 regarding prayer for America and repentance for the sins of the 1960's - 40 years ago,article,Paul Jablonowski,,2007-07-07,/thecallnashville07-07-07.htm,thecallnashville07-07-07
twohearts.htm,twohearts.htm,Tale of Two Hearts book by Miles Wylie Albright,"Tale of Two Hearts book is a comparison of the Heart of David and the Heart of Saul. <br>
This Bible study by Miles Wylie Albright on 1 Samuel chapters 13 through 26 
is the story of the love of God and the fear of man; the story of the passion for truth
and obsession with outward appearance; the story of the devotion of Jesus and the hypocrisy of the Pharisee<br>
Tale of Two Hearts will open your eyes to First Samuel to such a degree that you will never see the Bible the same way again!",article,Miles Wylie Albright,,,/twohearts.htm,twohearts
twosticks.htm,twosticks.htm,Two Sticks of Ezekiel 37 - Jon & Jolene Hamill,"True testimony of a married couple's experience with Ezekiel 37 two sticks.
Joseph and Ephraim sticks joined together to make one.",article,Paul Jablonowski,,2005-10-15,/twosticks.htm,twosticks
womenapostlesleaders.htm,womenapostlesleaders.htm,"Women Apostles, Woman in leadership, spiritual maturity",Are there women apostles today? - the role of women in the equipping ministry of apostle,book-chapter,Paul Jablonowski,,,/womenapostlesleaders.htm,womenapostlesleaders
worshipJesusfeastssaved.htm,worshipJesusfeastssaved.htm,"Worship in Spirit and Truth, How to be saved, body, soul and spirit","How Do I Worship God in Spirit and Truth? 
Answering the age old question of who am I?  and how your spirit must be reborn to see the kingdom of God.",article,Paul Jablonowski,,,/worshipJesusfeastssaved.htm,worshipjesusfeastssaved
zionsonsJesuscomingreturn.htm,zionsonsJesuscomingreturn.htm,"Return of Jesus by Spiritual Birth, Zions Sons, Manchild, sons of God, 144,000","Return of Jesus through a spiritual birth. The birthing of Zion's sons - 
a study of the second coming of Jesus Christ through a spiritual birth",article,Paul Jablonowski,,,/zionsonsJesuscomingreturn.htm,zionsonsjesuscomingreturn
Jesus/2733Revelation.htm,2733Revelation.htm,2733 Revelation by Miles Albright,Prophecy by Miles Albright of his 2733 Ranch,article,Miles Wylie Albright,,,/Jesus/2733Revelation.htm,2733revelation
Jesus/500jewssavedinisrael.htm,500jewssavedinisrael.htm,500 Older Jewish People Saved in Tel Aviv Israel,500 Older Jewish people came to a Christian altar call in Tel Aviv Israel to receive Yeshua Jesus as Lord by Simantov Allalouf,article,Simantov Allalouf,,2011-05-27,/Jesus/500jewssavedinisrael.htm,500jewssavedinisrael
Jesus/666-616.htm,666-616.htm,666 and 616,"six, 666, gematria, gametria, gemetria, hebrew, greek, 666, Jesus, number of his name,
bible, bible number code, bible code, number, number code, code, bible numbers, numbering system,
bible numbering system, 616, number of the beast, beast, revelation beast",article,666 and 616,,2005,/Jesus/666-616.htm,666-616
Jesus/666.htm,666.htm,666,"six, six six, six six six, gematria, gametria, gemetria, hebrew, greek, 666, Jesus, number of his name,
bible, bible number code, bible code, number, number code, code, bible numbers, numbering system, Solomon, 
bible numbering system, 616, number of the beast, beast, revelation beast",article,666,,,/Jesus/666.htm,666
Jesus/arisorkoramjewfirst.htm,arisorkoramjewfirst.htm,"Ari Sorko Ram's Word for the nations: ""To the Jew First""",The mandate of the Christian nations is to bless and support believers in Israel so God's purposes may be fulfilled in the earth,article,Ari Sorko-Ram,,2008,/Jesus/arisorkoramjewfirst.htm,arisorkoramjewfirst
Jesus/darkcloudofthefather.htm,darkcloudofthefather.htm,Dark Cloud of Abba Father,Ian Clayton describes his encounter with God the Father and the dark cloud that surrounds Him,article,Ian Clayton,,,/Jesus/darkcloudofthefather.htm,darkcloudofthefather
Jesus/gematriabiblenumbercode.htm,gematriabiblenumbercode.htm,Greek and Hebrew Gematria numbers,"gematria, gametria, gemetria, hebrew, greek, 666, Jesus, number of his name,
bible, bible number code, bible code, number, number code, code, bible numbers, numbering system,
bible numbering system, bible number system, scripture gematria, bible gematria",article,Bonnie Gaunt,,,/Jesus/gematriabiblenumbercode.htm,gematriabiblenumbercode
Jesus/heartwavepainting.htm,heartwavepainting.htm,Heart Wave Painting by Katie Becker,Paiting by Katie Becker on the baptism into the Father's Love called Heart Wave,article,Katie Becker,,,/Jesus/heartwavepainting.htm,heartwavepainting
Jesus/henrygruvervision.htm,henrygruvervision.htm,Henry Gruver's vision of the Camp of the Lord in 1969,The Third camp includes the Bride with order and discipline,article,Henry Gruver,,,/Jesus/henrygruvervision.htm,henrygruvervision
Jesus/thefireofhislove.htm,thefireofhislove.htm,The Fire of His LOVE in Jesus,"fire of his love, the fire of his love, Jesus, fire, buring ones, love of Jesus, networking, connecting, releasing the fire of God
imparting, Yeshua, unity, Christian unity, brotherly love, Jesus love",article,Lana Vawser,,2016-04-08,/Jesus/thefireofhislove.htm,thefireofhislove
bonniegaunt/about.htm,about.htm,About Bonnie Gaunt,Autobiography of Bonnie Gaunt. Life and death of Bonnie Gaunt. Ministry of Bonnie Gaunt,guest-author,Bonnie Gaunt,,,/bonniegaunt/about.htm,about
bonniegaunt/biblechronologytimeline.htm,biblechronologytimeline.htm,Bible Chronology Timeline - Bonnie Gaunt,A bilbe chronology timeline from Bonnie Gaunt of mankind since creation,guest-author,Bonnie Gaunt,,,/bonniegaunt/biblechronologytimeline.htm,biblechronologytimeline
bonniegaunt/index.htm,index.htm,Books by Bonnie Gaunt,All books by Bonnie Gaunt on Gematria and Jesus' soon return,guest-author,Bonnie Gaunt,,,/bonniegaunt/index.htm,index
bonniegaunt/studies.htm,studies.htm,Bible Studies and Research of Bonnie Gaunt,Bonnie Gaunt writings and bible studies on gamatria and the coming of Jesus,guest-author,Bonnie Gaunt,,,/bonniegaunt/studies.htm,studies
kennymitchell/KingdomofGodonEarth.htm,KingdomofGodonEarth.htm,The Kingdom of God on Earth,"The Kingdom of God is coming on Earth as it is in Heaven!  
The seven Spirits of God will empower the Church to fulfill this great destiny in Christ Jesus.",guest-author,Kenny Mitchell,,2020,/kennymitchell/KingdomofGodonEarth.htm,kingdomofgodonearth
newsletters/01PentecostJesusSecondComing.htm,01PentecostJesusSecondComing.htm,Newsletter #1 Pentecost - The Second Coming of Jesus,"The connection of the Feast of Pentecost with the Second Coming of Jesus. 
Introducing the new book THE SHEKINAH GLORY OF CHRIST AT HIS COMING by Roland Pletts",newsletter,Paul Jablonowski,1,2008-06-08,/newsletters/01PentecostJesusSecondComing.htm,01-pentecost-the-second-coming-of-jesus
newsletters/02AtonementCivilRightsfortheUnborn.htm,02AtonementCivilRightsfortheUnborn.htm,Newsletter #2 Civil Rights for the Unborn on the Day of Atonement,"The Day of Atonement and the Civil Rights of the Unborn where unborn babies have a right to life, just as much
as the African American has a right to be treated by the content of his character.",newsletter,Paul Jablonowski,2,2008-10-08,/newsletters/02AtonementCivilRightsfortheUnborn.htm,02-civil-rights-for-the-unborn-on-the-day-of-atonement
newsletters/03PassoverTimingChristsKingdom.htm,03PassoverTimingChristsKingdom.htm,Newsletter #3 Passover - Timing of Christ's Kingdom,"The timing of the coming of Christ's Kingdom in power and glory through His saints. The 33 and 1/2 year time 
period between mankind's millenniums.",newsletter,Paul Jablonowski,3,2009-04-08,/newsletters/03PassoverTimingChristsKingdom.htm,03-passover-timing-of-christs-kingdom
newsletters/04GodsAncientHebrewNameYahweh.htm,04GodsAncientHebrewNameYahweh.htm,Newsletter #4 God's ancient Hebrew name Yahweh and Fathers,"God's ancient Hebrew name Yahweh is important to know, but don't get too dogmatic about pronunciations or differences of opinion on when and how it should be used.  
It is a personal issue between you and Yahweh. The more important issue is knowing God as Father",newsletter,Paul Jablonowski,4,2009-05-31,/newsletters/04GodsAncientHebrewNameYahweh.htm,04-gods-ancient-hebrew-name-yahweh-and-fathers
newsletters/05BetrothalMarriageCovenantBride.htm,05BetrothalMarriageCovenantBride.htm,Newsletter #5 God's Betrothal & Marriage Covenant with His Bride,"Yahweh God's Betrothal Marriage Covenant with His bride is open to all who will hear the call,
but it does require decisions on our part to obey His covenant precepts.",newsletter,Paul Jablonowski,5,2009-10-10,/newsletters/05BetrothalMarriageCovenantBride.htm,05-gods-betrothal-marriage-covenant-with-his-bride
newsletters/06BaptismIntoTheFathersLove.htm,06BaptismIntoTheFathersLove.htm,Newsletter #6 Baptism into the Father's Love,Identifying with Abba Father God through baptism into the River of Glory from His throne of perfect Love,newsletter,Paul Jablonowski,6,2016-12-24,/newsletters/06BaptismIntoTheFathersLove.htm,06-baptism-into-the-fathers-love
newsletters/07FirstfruitsFirstborn2733.htm,07FirstfruitsFirstborn2733.htm,Newsletter #7 Firstfruits - Resurrection of our Body - Firstborn 2733,"Feast of Firstfruits, the firstborn Hebrew understanding and 273 redeemed firstborn sons",newsletter,Paul Jablonowski,7,2010-04-04,/newsletters/07FirstfruitsFirstborn2733.htm,07-firstfruits-resurrection-of-our-body-firstborn-2733
newsletters/08sonsoftheresurrection.htm,08sonsoftheresurrection.htm,Newsletter #8 Pentecost - Sons of the Resurrection,Sons of the Resurrection - those who walk the earth with resurrected bodies in the next age,newsletter,Paul Jablonowski,8,2010-05-23,/newsletters/08sonsoftheresurrection.htm,08-pentecost-sons-of-the-resurrection
newsletters/09mytriptoisrael.htm,09mytriptoisrael.htm,Newsletter #9 - My trip to the nation of Israel,Pictures of our recent visit to the Holy Land where Jesus lived and walked and taught.  What an a amazing experience!,newsletter,Paul Jablonowski,9,2015-10,/newsletters/09mytriptoisrael.htm,09-my-trip-to-the-nation-of-israel
newsletters/10millennium1999-2033.htm,10millennium1999-2033.htm,Newsletter #10 - Tabernacles & Earth's Great Millennium,Bonnie Gaunt's new book The Dawn of Earth's Great Millennium and the second coming of Jesus in the Age of Tabernacles,newsletter,Paul Jablonowski,10,2010-09-30,/newsletters/10millennium1999-2033.htm,10-tabernacles-earths-great-millennium
newsletters/11alabamagloryride.htm,11alabamagloryride.htm,Newsletter #11 - Alabama Glory Ride - Prayer by horseback,"Prayer for the Healing of the Nations by riding horseback from the four corners of Alabama.  The four horsemen
of Alabama started riding after celebrating Jesus in the Passover on April 18th 2011.  Four different Passover celebrations were conducted
in the four corners of Alabama.",newsletter,Paul Jablonowski,11,2011-04-22,/newsletters/11alabamagloryride.htm,11-alabama-glory-ride-prayer-by-horseback
newsletters/12worshipwarfare.htm,12worshipwarfare.htm,Newsletter #12 - Worship warfare tabernacle of praise,Worship Warfare conducted for Alabama during the April 27 2011 tornadoes with the Glory International Inc. Tabernacle,newsletter,Paul Jablonowski,12,2011-04-27,/newsletters/12worshipwarfare.htm,12-worship-warfare-tabernacle-of-praise
newsletters/13feastoftabernacles.htm,13feastoftabernacles.htm,Newsletter #13 Tabernacles - Feast of Tabernacles,Christians celebrating the feast of Tabernacles today,newsletter,Paul Jablonowski,13,2011-10-20,/newsletters/13feastoftabernacles.htm,13-tabernacles-feast-of-tabernacles
newsletters/14christianpassoverhaggadah.htm,14christianpassoverhaggadah.htm,Newsletter #14 Passover - Christian Haggadah Seder demonstration,Christians celebrating the Passover with a seder demonstration using a Haggadah,newsletter,Paul Jablonowski,14,2012-04-08,/newsletters/14christianpassoverhaggadah.htm,14-passover-christian-haggadah-seder-demonstration
newsletters/15aplaceforthelordonpentecost.htm,15aplaceforthelordonpentecost.htm,Newsletter #15 A Place for the LORD on Pentecost,A Place for Yahweh is the dwelling place of God in mankind His Bride,newsletter,Paul Jablonowski,15,2012-05-28,/newsletters/15aplaceforthelordonpentecost.htm,15-a-place-for-the-lord-on-pentecost
newsletters/16Hallelujah.htm,16Hallelujah.htm,Newsletter #16 Hallelujah!,"Hallelujah! victory in spiritual warfare over sun worship, mormonism in Salt Lake City and Birmingham Alabama during the fall feasts of the LORD",newsletter,Paul Jablonowski,16,2012-10-08,/newsletters/16Hallelujah.htm,16-hallelujah
newsletters/17releasingwomeninministry.htm,17releasingwomeninministry.htm,Newsletter #17 Releasing Women in Ministry,Releasing women in Christian ministry on Passover 2013,newsletter,Paul Jablonowski,17,2013-03-25,/newsletters/17releasingwomeninministry.htm,17-releasing-women-in-ministry
newsletters/18newmonthcelebrations.htm,18newmonthcelebrations.htm,Newsletter #18 New Month Celebration,Christians celebrating the New Months. Anointing and Sending women in Christian ministry on Pentecost,newsletter,Paul Jablonowski,18,2013-05-19,/newsletters/18newmonthcelebrations.htm,18-new-month-celebration
newsletters/18newmooncelebrations.htm,18newmooncelebrations.htm,,,newsletter,Paul Jablonowski,18,,/newsletters/18newmooncelebrations.htm,18newmooncelebrations
newsletters/19godscalendar.htm,19godscalendar.htm,Newsletter #19 God's Calendar,God's Creation Zadok Calendar based on new months and Jubilee years,newsletter,Paul Jablonowski,19,2013-09-28,/newsletters/19godscalendar.htm,19-gods-calendar
newsletters/20christianunitypeacemakers.htm,20christianunitypeacemakers.htm,Newsletter #20 Christian Unity and Peacemakers,"True Christian unity is agreement with God. Those who walk in agreement with God will be the coming peacemakers. 
Blessed are the peacemakers for they shall be called sons of God",newsletter,Paul Jablonowski,20,2014-05-01,/newsletters/20christianunitypeacemakers.htm,20-christian-unity-and-peacemakers
newsletters/21pauljab.htm,21pauljab.htm,Newsletter #21 Paul Jab work profile,Paul Jablonowski's professional work and career path,newsletter,Paul Jablonowski,21,2014-07-29,/newsletters/21pauljab.htm,21-paul-jab-work-profile
newsletters/22zion.htm,22zion.htm,"Newsletter #22 Zion, Zionism & Zionists","Zion in the scriptures, and Jerusalem, Zionism, & Zionists in modern day understanding",newsletter,Paul Jablonowski,22,2014-10-31,/newsletters/22zion.htm,22-zion-zionism-zionists
newsletters/23number666.htm,23number666.htm,Newsletter #23 The Good Number 666,"The number of man is 666, but is this really all bad? God created man for a purpose",newsletter,Paul Jablonowski,23,2015-05-07,/newsletters/23number666.htm,23-the-good-number-666
newsletters/24number33and13.htm,24number33and13.htm,Newsletter #24 The The Secrets of Numbers 33 and 13,The numbers 33 and 13 reveal the secret of the LORD,newsletter,Paul Jablonowski,24,2015-09-15,/newsletters/24number33and13.htm,24-the-the-secrets-of-numbers-33-and-13
newsletters/25religionjezebelnicolaitans.htm,25religionjezebelnicolaitans.htm,Newsletter #25 Religion Jezebel and the Nicolaitan doctrine,Pure religion started good with Jesus but we have allowed Jezebel the harlot church system and the Nicolaitans to usurp the headship of Christ,newsletter,Paul Jablonowski,25,2016-05-01,/newsletters/25religionjezebelnicolaitans.htm,25-religion-jezebel-and-the-nicolaitan-doctrine
newsletters/26reversingthecurseof1920.htm,26reversingthecurseof1920.htm,Newsletter #26 Reversing the curse of 1920 in America from Philadelphia,Prayer for America to reverse the curse of 1920 through identifcational intercession in Philadelphia Pennsylvania,newsletter,Paul Jablonowski,26,2016-08-05,/newsletters/26reversingthecurseof1920.htm,26-reversing-the-curse-of-1920-in-america-from-philadelphia
newsletters/27hisbanquetingtable.htm,27hisbanquetingtable.htm,Newsletter #27 His banqueting table banner over us is LOVE,"Spiritual warfare by coming to the Psalm 23 banqueting table of the LORD, and His banner over us is LOVE",newsletter,Paul Jablonowski,27,2017-04-17,/newsletters/27hisbanquetingtable.htm,27-his-banqueting-table-banner-over-us-is-love
newsletters/28therodofiron.htm,28therodofiron.htm,Newsletter #28 The Rod of Iron,The Rod of Iron government of Jesus in the earth. Prayer driving Alabama the state of Justice,newsletter,Paul Jablonowski,28,2017-06-06,/newsletters/28therodofiron.htm,28-the-rod-of-iron
newsletters/29faithhopelove.htm,29faithhopelove.htm,Newsletter #29 These three remain: Faith Hope and Love,The key of David is the agape LOVE of Christ Jesus in us!,newsletter,Paul Jablonowski,29,2017-10-01,/newsletters/29faithhopelove.htm,29-these-three-remain-faith-hope-and-love
newsletters/30bibleproducingoil.htm,30bibleproducingoil.htm,Newsletter #30 A Bible is producing oil miraculously,Jerry Pearce in Dalton Georiga has a Bible that is producing oil supernaturally,newsletter,Paul Jablonowski,30,2017-12-20,/newsletters/30bibleproducingoil.htm,30-a-bible-is-producing-oil-miraculously
newsletters/31sonshipovercomers.htm,31sonshipovercomers.htm,Sonship Newsletter #31 Birthing of the Overcomers,"The second coming of Jesus through the birthing of His Overcomers in terms of Sonship.
This will occur during the fall feasts Trumpets, Atonement and Tabernacles in the near future.
It includes the Order of Melchizedek replacing the current systems.",newsletter,Paul Jablonowski,31,2018-06-17,/newsletters/31sonshipovercomers.htm,31-sonship-newsletter-31-birthing-of-the-overcomers
newsletters/32restorationofallthings.htm,32restorationofallthings.htm,Newsletter #32 - The Salvation of All Man,God is able to save all men (1 Corinthians 15:21-22) in His due time instead of the common teaching of eternal torment,newsletter,Paul Jablonowski,32,2018-07-31,/newsletters/32restorationofallthings.htm,32-the-salvation-of-all-man
newsletters/33heartofdavid.htm,33heartofdavid.htm,Newsletter #33 - He has Exalted the Lowly,"The Lowly rule with Jesus (Psalm 110). We are now publishing Miles Albright's book - Tale of Two Hearts - 
on the hearts of David and Saul from 1 Samuel 13-26. Request your copy now",newsletter,Paul Jablonowski,33,2018-12-10,/newsletters/33heartofdavid.htm,33-he-has-exalted-the-lowly
newsletters/34tentofdavid.htm,34tentofdavid.htm,Newsletter #34 - The Tabernacle of David,The Tent of David is being established again in our generation which is a continual time of worship in song to our Father God,newsletter,Paul Jablonowski,34,2019-04-21,/newsletters/34tentofdavid.htm,34-the-tabernacle-of-david
newsletters/35endingabortion.htm,35endingabortion.htm,Newsletter #35 - Ending Abortion,Abortion is ending in our generation which is also ending a cycle of judgment from God,newsletter,Paul Jablonowski,35,2019-06-09,/newsletters/35endingabortion.htm,35-ending-abortion
newsletters/36SecondPentecost.htm,36SecondPentecost.htm,Newsletter #36 Hanukkah - A Second Pentecost,Another Pentecost awaits our generation to fulfill the second half of Joel 2:32 which is the restoration of Mount Zion in Jerusalem Israel,newsletter,Paul Jablonowski,36,2019-12-25,/newsletters/36SecondPentecost.htm,36-hanukkah-a-second-pentecost
newsletters/37OrderofMelchiZedek.htm,37OrderofMelchiZedek.htm,Newsletter #37 The Melchizedek Order priesthood of Jesus,"Jesus is the King of Righteousness: which is Melchi Zedek in Hebrew. 
Since we are IN HIM, we can also be a part of His government on the earth as it is in heaven!",newsletter,Paul Jablonowski,37,2020-04-15,/newsletters/37OrderofMelchiZedek.htm,37-the-melchizedek-order-priesthood-of-jesus
newsletters/38KingdomofGodonEarth.htm,38KingdomofGodonEarth.htm,Newsletter #38 The Kingdom of God on Earth,"Other than Him being a good good Father, God's kingdom on the earth is best described by the seven Spirits of God (Isa. 11:2)",newsletter,Paul Jablonowski,38,2020-06-21,/newsletters/38KingdomofGodonEarth.htm,38-the-kingdom-of-god-on-earth
newsletters/39Jubilee.htm,39Jubilee.htm,Newsletter #39 An American Jubilee,All debts are cancelled and sins forgiven in the year of Jubilee.,newsletter,Paul Jablonowski,39,2020-09-28,/newsletters/39Jubilee.htm,39-an-american-jubilee
newsletters/40TheCovenantCircle.htm,40TheCovenantCircle.htm,Newsletter #40 The Covenant Circle,The 66 books of the Bible can be spiraled in a circle with a Cross at the center creating amazing patterns greater than Solomon,newsletter,Paul Jablonowski,40,2021-04-27,/newsletters/40TheCovenantCircle.htm,40-the-covenant-circle
newsletters/41JOY.htm,41JOY.htm,"Newsletter #41 J.O.Y. spells Jesus, Others, then Yourself","My purpose is found in J.O.Y. where Jesus is first, then Others, and last is Yourself.",newsletter,Paul Jablonowski,41,2021-06-20,/newsletters/41JOY.htm,41-joy-spells-jesus-others-then-yourself
rolandpletts/abba.htm,abba.htm,Abba book by Roland Pletts,"Roland Pletts fiction book on Daniel, Maria and Abba the Tramp",guest-author,Roland Pletts,,,/rolandpletts/abba.htm,abba
rolandpletts/about.htm,about.htm,About Roland Pletts,About Roland Pletts and his Christian Writings and books on the Shekinah Glory of Christ at His Coming,guest-author,Roland Pletts,,,/rolandpletts/about.htm,about
rolandpletts/books.htm,books.htm,Roland Pletts Christian writings,Christian articles and writings by Roland Pletts,guest-author,Roland Pletts,,,/rolandpletts/books.htm,books
rolandpletts/index.htm,index.htm,Covenant Book by Roland Pletts,This Christian book by Roland Pletts discusses the second coming of Christ Jesus and His Covenant with His people.,guest-author,Roland Pletts,,,/rolandpletts/index.htm,index
index.html,index.html,Sons To Glory books | Everlasting Kingdom of Jesus,"Sons to Glory offers free books about the Everlasting
Kingdom of Yeshua! (Jesus), Spiritual Maturity, Sonship, Fatherhood & apostles of Jesus",index,Paul Jablonowski,,,/index.html,index
milesalbright/MilesAlbright2733teaching.html,MilesAlbright2733teaching.html,2733 Revelation videos by Miles Wylie Albright,Videos by Miles Albright discussing the 2733 Revelation.,guest-author,Miles Wylie Albright,,2007,/milesalbright/MilesAlbright2733teaching.html,milesalbright2733teaching
